{"cameraMode":{"drawMode":0,"name":"Shaded","section":"Shading Mode"},"sceneLighting":true,"audioPlay":false,"sceneViewState":{"m_AlwaysRefresh":false,"showFog":true,"showSkybox":true,"showFlares":true,"showImageEffects":true,"showParticleSystems":true,"showVisualEffectGraphs":true,"m_FxEnabled":true},"in2DMode":false,"pivot":{"x":1.592749834060669,"y":-3.1677825450897219,"z":-5.722084045410156},"rotation":{"x":-0.003033091314136982,"y":0.9798694849014282,"z":-0.19966240227222444,"w":-0.01497559528797865},"size":2.3836069107055666,"orthographic":false}